,Year,Country_Code,Country_Name,Currency,USD_Rate,FX_Key
0,1960,AGO,Angola,AOA,2.86684433333333e-08,1960-AOA
1,1961,AGO,Angola,AOA,2.873486e-08,1961-AOA
2,1962,AGO,Angola,AOA,2.86784433333333e-08,1962-AOA
3,1963,AGO,Angola,AOA,2.87520266666667e-08,1963-AOA
4,1964,AGO,Angola,AOA,2.88197766666667e-08,1964-AOA
5,1965,AGO,Angola,AOA,2.87785266666667e-08,1965-AOA
6,1966,AGO,Angola,AOA,2.882386e-08,1966-AOA
7,1967,AGO,Angola,AOA,2.884161e-08,1967-AOA
8,1968,AGO,Angola,AOA,2.872761e-08,1968-AOA
9,1969,AGO,Angola,AOA,2.85611933333333e-08,1969-AOA
10,1970,AGO,Angola,AOA,2.862511e-08,1970-AOA
11,1971,AGO,Angola,AOA,2.819112e-08,1971-AOA
12,1972,AGO,Angola,AOA,2.7052815e-08,1972-AOA
13,1973,AGO,Angola,AOA,2.451462e-08,1973-AOA
14,1974,AGO,Angola,AOA,2.54076008333333e-08,1974-AOA
15,1975,AGO,Angola,AOA,2.55521808333333e-08,1975-AOA
16,1976,AGO,Angola,AOA,2.93836233333333e-08,1976-AOA
17,1977,AGO,Angola,AOA,2.9918e-08,1977-AOA
18,1978,AGO,Angola,AOA,2.9918e-08,1978-AOA
19,1979,AGO,Angola,AOA,2.9918e-08,1979-AOA
20,1980,AGO,Angola,AOA,2.9918e-08,1980-AOA
21,1981,AGO,Angola,AOA,2.9918e-08,1981-AOA
22,1982,AGO,Angola,AOA,2.9918e-08,1982-AOA
23,1983,AGO,Angola,AOA,2.9918e-08,1983-AOA
24,1984,AGO,Angola,AOA,2.9918e-08,1984-AOA
25,1985,AGO,Angola,AOA,2.9918e-08,1985-AOA
26,1986,AGO,Angola,AOA,2.9918e-08,1986-AOA
27,1987,AGO,Angola,AOA,2.9918e-08,1987-AOA
28,1988,AGO,Angola,AOA,2.9918e-08,1988-AOA
29,1989,AGO,Angola,AOA,2.9918e-08,1989-AOA
30,1990,AGO,Angola,AOA,2.9918e-08,1990-AOA
31,1991,AGO,Angola,AOA,5.50983333333334e-08,1991-AOA
32,1992,AGO,Angola,AOA,2.51416666666667e-07,1992-AOA
33,1993,AGO,Angola,AOA,2.66016666666667e-06,1993-AOA
34,1994,AGO,Angola,AOA,5.9515e-05,1994-AOA
35,1995,AGO,Angola,AOA,0.00275022958333333,1995-AOA
36,1996,AGO,Angola,AOA,0.128029166666667,1996-AOA
37,1997,AGO,Angola,AOA,0.229040083333333,1997-AOA
38,1998,AGO,Angola,AOA,0.3928235175,1998-AOA
39,1999,AGO,Angola,AOA,2.79070616666667,1999-AOA
40,2000,AGO,Angola,AOA,10.0405441666667,2000-AOA
41,2001,AGO,Angola,AOA,22.0578616666667,2001-AOA
42,2002,AGO,Angola,AOA,43.5302066666667,2002-AOA
43,2003,AGO,Angola,AOA,74.6063008333333,2003-AOA
44,2004,AGO,Angola,AOA,83.5413625,2004-AOA
45,2005,AGO,Angola,AOA,87.1591416666667,2005-AOA
46,2006,AGO,Angola,AOA,80.3680720555555,2006-AOA
47,2007,AGO,Angola,AOA,76.70614275,2007-AOA
48,2008,AGO,Angola,AOA,75.0333541666667,2008-AOA
49,2009,AGO,Angola,AOA,79.3281666666667,2009-AOA
50,2010,AGO,Angola,AOA,91.9057203405018,2010-AOA
51,2011,AGO,Angola,AOA,93.93475,2011-AOA
52,2012,AGO,Angola,AOA,95.467955421311,2012-AOA
53,2013,AGO,Angola,AOA,96.5182794791526,2013-AOA
54,2014,AGO,Angola,AOA,98.3024168556335,2014-AOA
55,2015,AGO,Angola,AOA,120.060701665019,2015-AOA
56,2016,AGO,Angola,AOA,163.656434116579,2016-AOA
57,2017,AGO,Angola,AOA,165.915950691498,2017-AOA
58,2018,AGO,Angola,AOA,252.855747731297,2018-AOA
59,2019,AGO,Angola,AOA,364.825804980887,2019-AOA
60,2020,AGO,Angola,AOA,578.25878028011,2020-AOA
61,2021,AGO,Angola,AOA,631.441955506727,2021-AOA
62,2022,AGO,Angola,AOA,460.567511631462,2022-AOA
63,2023,AGO,Angola,AOA,685.020237761449,2023-AOA
64,2024,AGO,Angola,AOA,869.846189590008,2024-AOA
65,2025,AGO,Angola,AOA,911.99303781631,2025-AOA
66,1960,BWA,Botswana,BWP,0.713320882169215,1960-BWP
67,1961,BWA,Botswana,BWP,0.714694435086178,1961-BWP
68,1962,BWA,Botswana,BWP,0.713265494271677,1962-BWP
69,1963,BWA,Botswana,BWP,0.715287185250261,1963-BWP
70,1964,BWA,Botswana,BWP,0.717258646245895,1964-BWP
71,1965,BWA,Botswana,BWP,0.71633440114268,1965-BWP
72,1966,BWA,Botswana,BWP,0.716983431633873,1966-BWP
73,1967,BWA,Botswana,BWP,0.717049619137688,1967-BWP
74,1968,BWA,Botswana,BWP,0.716998156110197,1968-BWP
75,1969,BWA,Botswana,BWP,0.718057125427679,1969-BWP
76,1970,BWA,Botswana,BWP,0.716413520036936,1970-BWP
77,1971,BWA,Botswana,BWP,0.712443761749149,1971-BWP
78,1972,BWA,Botswana,BWP,0.772828411038462,1972-BWP
79,1973,BWA,Botswana,BWP,0.694114137583751,1973-BWP
80,1974,BWA,Botswana,BWP,0.679477003570251,1974-BWP
81,1975,BWA,Botswana,BWP,0.739507700509474,1975-BWP
82,1976,BWA,Botswana,BWP,0.869564999,1976-BWP
83,1977,BWA,Botswana,BWP,0.841959665666667,1977-BWP
84,1978,BWA,Botswana,BWP,0.828156999,1978-BWP
85,1979,BWA,Botswana,BWP,0.815006665666667,1979-BWP
86,1980,BWA,Botswana,BWP,0.777224999,1980-BWP
87,1981,BWA,Botswana,BWP,0.836738332333333,1981-BWP
88,1982,BWA,Botswana,BWP,1.0296608325,1982-BWP
89,1983,BWA,Botswana,BWP,1.0969258325,1983-BWP
90,1984,BWA,Botswana,BWP,1.29837333291667,1984-BWP
91,1985,BWA,Botswana,BWP,1.90256666641667,1985-BWP
92,1986,BWA,Botswana,BWP,1.8791441665,1986-BWP
93,1987,BWA,Botswana,BWP,1.67894083333333,1987-BWP
94,1988,BWA,Botswana,BWP,1.8285875,1988-BWP
95,1989,BWA,Botswana,BWP,2.01488583333333,1989-BWP
96,1990,BWA,Botswana,BWP,1.86046583333333,1990-BWP
97,1991,BWA,Botswana,BWP,2.02155666666667,1991-BWP
98,1992,BWA,Botswana,BWP,2.109725,1992-BWP
99,1993,BWA,Botswana,BWP,2.423075,1993-BWP
100,1994,BWA,Botswana,BWP,2.6846455,1994-BWP
101,1995,BWA,Botswana,BWP,2.77220666666667,1995-BWP
102,1996,BWA,Botswana,BWP,3.32419666666667,1996-BWP
103,1997,BWA,Botswana,BWP,3.65076333333333,1997-BWP
104,1998,BWA,Botswana,BWP,4.22588,1998-BWP
105,1999,BWA,Botswana,BWP,4.62439525,1999-BWP
106,2000,BWA,Botswana,BWP,5.10224166666667,2000-BWP
107,2001,BWA,Botswana,BWP,5.84141666666667,2001-BWP
108,2002,BWA,Botswana,BWP,6.32779166666667,2002-BWP
109,2003,BWA,Botswana,BWP,4.94966666666667,2003-BWP
110,2004,BWA,Botswana,BWP,4.69383333333333,2004-BWP
111,2005,BWA,Botswana,BWP,5.11675,2005-BWP
112,2006,BWA,Botswana,BWP,5.8303,2006-BWP
113,2007,BWA,Botswana,BWP,6.13940833333333,2007-BWP
114,2008,BWA,Botswana,BWP,6.82685833333333,2008-BWP
115,2009,BWA,Botswana,BWP,7.15514166666667,2009-BWP
116,2010,BWA,Botswana,BWP,6.793625,2010-BWP
117,2011,BWA,Botswana,BWP,6.83823333333333,2011-BWP
118,2012,BWA,Botswana,BWP,7.640525,2012-BWP
119,2013,BWA,Botswana,BWP,8.39890833333333,2013-BWP
120,2014,BWA,Botswana,BWP,8.97608333333333,2014-BWP
121,2015,BWA,Botswana,BWP,10.1289916666667,2015-BWP
122,2016,BWA,Botswana,BWP,10.9011583333333,2016-BWP
123,2017,BWA,Botswana,BWP,10.3474166666667,2017-BWP
124,2018,BWA,Botswana,BWP,10.199975,2018-BWP
125,2019,BWA,Botswana,BWP,10.7558666666667,2019-BWP
126,2020,BWA,Botswana,BWP,11.4562416666667,2020-BWP
127,2021,BWA,Botswana,BWP,11.0872583333333,2021-BWP
128,2022,BWA,Botswana,BWP,12.3688083333333,2022-BWP
129,2023,BWA,Botswana,BWP,13.5963833333333,2023-BWP
130,2024,BWA,Botswana,BWP,13.5631333333333,2024-BWP
131,2025,BWA,Botswana,BWP,13.5023833333333,2025-BWP
132,1960,DZA,Algeria,DZD,4.93706000393706,1960-DZD
133,1961,DZA,Algeria,DZD,4.93706000393706,1961-DZD
134,1962,DZA,Algeria,DZD,4.93706000393706,1962-DZD
135,1963,DZA,Algeria,DZD,4.93706000393706,1963-DZD
136,1964,DZA,Algeria,DZD,4.93706000393706,1964-DZD
137,1965,DZA,Algeria,DZD,4.93706000393706,1965-DZD
138,1966,DZA,Algeria,DZD,4.93706000393706,1966-DZD
139,1967,DZA,Algeria,DZD,4.93706000393706,1967-DZD
140,1968,DZA,Algeria,DZD,4.93706000393706,1968-DZD
141,1969,DZA,Algeria,DZD,4.93706000393706,1969-DZD
142,1970,DZA,Algeria,DZD,4.93706000393706,1970-DZD
143,1971,DZA,Algeria,DZD,4.91263833685897,1971-DZD
144,1972,DZA,Algeria,DZD,4.48051495321131,1972-DZD
145,1973,DZA,Algeria,DZD,3.96249541224223,1973-DZD
146,1974,DZA,Algeria,DZD,4.180749999,1974-DZD
147,1975,DZA,Algeria,DZD,3.94940833233333,1975-DZD
148,1976,DZA,Algeria,DZD,4.163824999,1976-DZD
149,1977,DZA,Algeria,DZD,4.14675833233333,1977-DZD
150,1978,DZA,Algeria,DZD,3.965899999,1978-DZD
151,1979,DZA,Algeria,DZD,3.85326666566667,1979-DZD
152,1980,DZA,Algeria,DZD,3.837449999,1980-DZD
153,1981,DZA,Algeria,DZD,4.31580833233333,1981-DZD
154,1982,DZA,Algeria,DZD,4.59219166566667,1982-DZD
155,1983,DZA,Algeria,DZD,4.788799999,1983-DZD
156,1984,DZA,Algeria,DZD,4.98337499958333,1984-DZD
157,1985,DZA,Algeria,DZD,5.0278,1985-DZD
158,1986,DZA,Algeria,DZD,4.70231666666666,1986-DZD
159,1987,DZA,Algeria,DZD,4.84974166666666,1987-DZD
160,1988,DZA,Algeria,DZD,5.91476666666667,1988-DZD
161,1989,DZA,Algeria,DZD,7.60855833333333,1989-DZD
162,1990,DZA,Algeria,DZD,8.95750833333333,1990-DZD
163,1991,DZA,Algeria,DZD,18.472875,1991-DZD
164,1992,DZA,Algeria,DZD,21.836075,1992-DZD
165,1993,DZA,Algeria,DZD,23.3454066666667,1993-DZD
166,1994,DZA,Algeria,DZD,35.0585008333333,1994-DZD
167,1995,DZA,Algeria,DZD,47.6627266666667,1995-DZD
168,1996,DZA,Algeria,DZD,54.7489333333333,1996-DZD
169,1997,DZA,Algeria,DZD,57.70735,1997-DZD
170,1998,DZA,Algeria,DZD,58.7389583333333,1998-DZD
171,1999,DZA,Algeria,DZD,66.573875,1999-DZD
172,2000,DZA,Algeria,DZD,75.2597916666666,2000-DZD
173,2001,DZA,Algeria,DZD,77.2150208333334,2001-DZD
174,2002,DZA,Algeria,DZD,79.6819,2002-DZD
175,2003,DZA,Algeria,DZD,77.394975,2003-DZD
176,2004,DZA,Algeria,DZD,72.06065,2004-DZD
177,2005,DZA,Algeria,DZD,73.2763083333333,2005-DZD
178,2006,DZA,Algeria,DZD,72.6466166666667,2006-DZD
179,2007,DZA,Algeria,DZD,69.2924,2007-DZD
180,2008,DZA,Algeria,DZD,64.5828,2008-DZD
181,2009,DZA,Algeria,DZD,72.6474166666667,2009-DZD
182,2010,DZA,Algeria,DZD,74.3859833333333,2010-DZD
183,2011,DZA,Algeria,DZD,72.9378833333333,2011-DZD
184,2012,DZA,Algeria,DZD,77.5359666666667,2012-DZD
185,2013,DZA,Algeria,DZD,79.3684,2013-DZD
186,2014,DZA,Algeria,DZD,80.5790166666667,2014-DZD
187,2015,DZA,Algeria,DZD,100.691433333333,2015-DZD
188,2016,DZA,Algeria,DZD,109.443066666667,2016-DZD
189,2017,DZA,Algeria,DZD,110.973016666667,2017-DZD
190,2018,DZA,Algeria,DZD,116.593791666667,2018-DZD
191,2019,DZA,Algeria,DZD,119.353558333333,2019-DZD
192,2020,DZA,Algeria,DZD,126.7768,2020-DZD
193,2021,DZA,Algeria,DZD,135.064058333333,2021-DZD
194,2022,DZA,Algeria,DZD,141.994975,2022-DZD
195,2023,DZA,Algeria,DZD,135.842933333333,2023-DZD
196,2024,DZA,Algeria,DZD,134.053241666667,2024-DZD
197,2025,DZA,Algeria,DZD,131.605925,2025-DZD
198,1960,EGY,"Egypt, Arab Rep.",EGP,0.348241999348242,1960-EGP
199,1961,EGY,"Egypt, Arab Rep.",EGP,0.348241999348242,1961-EGP
200,1962,EGY,"Egypt, Arab Rep.",EGP,0.40448912538026,1962-EGP
201,1963,EGY,"Egypt, Arab Rep.",EGP,0.434782608884688,1963-EGP
202,1964,EGY,"Egypt, Arab Rep.",EGP,0.434782608884688,1964-EGP
203,1965,EGY,"Egypt, Arab Rep.",EGP,0.434782608884688,1965-EGP
204,1966,EGY,"Egypt, Arab Rep.",EGP,0.434782608884688,1966-EGP
205,1967,EGY,"Egypt, Arab Rep.",EGP,0.434782608884688,1967-EGP
206,1968,EGY,"Egypt, Arab Rep.",EGP,0.434782608884688,1968-EGP
207,1969,EGY,"Egypt, Arab Rep.",EGP,0.434782608884688,1969-EGP
208,1970,EGY,"Egypt, Arab Rep.",EGP,0.434782608884688,1970-EGP
209,1971,EGY,"Egypt, Arab Rep.",EGP,0.434782641394297,1971-EGP
210,1972,EGY,"Egypt, Arab Rep.",EGP,0.434782608884688,1972-EGP
211,1973,EGY,"Egypt, Arab Rep.",EGP,0.397956243179606,1973-EGP
212,1974,EGY,"Egypt, Arab Rep.",EGP,0.391303667451088,1974-EGP
213,1975,EGY,"Egypt, Arab Rep.",EGP,0.391303667451088,1975-EGP
214,1976,EGY,"Egypt, Arab Rep.",EGP,0.391303667451088,1976-EGP
215,1977,EGY,"Egypt, Arab Rep.",EGP,0.391303667451088,1977-EGP
216,1978,EGY,"Egypt, Arab Rep.",EGP,0.391303667451088,1978-EGP
217,1979,EGY,"Egypt, Arab Rep.",EGP,0.700000700490701,1979-EGP
218,1980,EGY,"Egypt, Arab Rep.",EGP,0.700000700490701,1980-EGP
219,1981,EGY,"Egypt, Arab Rep.",EGP,0.700000700490701,1981-EGP
220,1982,EGY,"Egypt, Arab Rep.",EGP,0.700000700490701,1982-EGP
221,1983,EGY,"Egypt, Arab Rep.",EGP,0.700000700490701,1983-EGP
222,1984,EGY,"Egypt, Arab Rep.",EGP,0.700000700204867,1984-EGP
223,1985,EGY,"Egypt, Arab Rep.",EGP,0.7000007000007,1985-EGP
224,1986,EGY,"Egypt, Arab Rep.",EGP,0.7000007000007,1986-EGP
225,1987,EGY,"Egypt, Arab Rep.",EGP,0.7000007000007,1987-EGP
226,1988,EGY,"Egypt, Arab Rep.",EGP,0.7000007000007,1988-EGP
227,1989,EGY,"Egypt, Arab Rep.",EGP,0.866666666666667,1989-EGP
228,1990,EGY,"Egypt, Arab Rep.",EGP,1.55,1990-EGP
229,1991,EGY,"Egypt, Arab Rep.",EGP,3.13800833333333,1991-EGP
230,1992,EGY,"Egypt, Arab Rep.",EGP,3.32174833333333,1992-EGP
231,1993,EGY,"Egypt, Arab Rep.",EGP,3.3525175,1993-EGP
232,1994,EGY,"Egypt, Arab Rep.",EGP,3.38513333333333,1994-EGP
233,1995,EGY,"Egypt, Arab Rep.",EGP,3.39220833333333,1995-EGP
234,1996,EGY,"Egypt, Arab Rep.",EGP,3.39148333333334,1996-EGP
235,1997,EGY,"Egypt, Arab Rep.",EGP,3.38875,1997-EGP
236,1998,EGY,"Egypt, Arab Rep.",EGP,3.388,1998-EGP
237,1999,EGY,"Egypt, Arab Rep.",EGP,3.39525,1999-EGP
238,2000,EGY,"Egypt, Arab Rep.",EGP,3.47205,2000-EGP
239,2001,EGY,"Egypt, Arab Rep.",EGP,3.973,2001-EGP
240,2002,EGY,"Egypt, Arab Rep.",EGP,4.49966666666667,2002-EGP
241,2003,EGY,"Egypt, Arab Rep.",EGP,5.850875,2003-EGP
242,2004,EGY,"Egypt, Arab Rep.",EGP,6.19624166666666,2004-EGP
243,2005,EGY,"Egypt, Arab Rep.",EGP,5.77883333333333,2005-EGP
244,2006,EGY,"Egypt, Arab Rep.",EGP,5.73316666666666,2006-EGP
245,2007,EGY,"Egypt, Arab Rep.",EGP,5.63543333333334,2007-EGP
246,2008,EGY,"Egypt, Arab Rep.",EGP,5.4325,2008-EGP
247,2009,EGY,"Egypt, Arab Rep.",EGP,5.54455330862977,2009-EGP
248,2010,EGY,"Egypt, Arab Rep.",EGP,5.6219429176105,2010-EGP
249,2011,EGY,"Egypt, Arab Rep.",EGP,5.93282765151515,2011-EGP
250,2012,EGY,"Egypt, Arab Rep.",EGP,6.05605833333333,2012-EGP
251,2013,EGY,"Egypt, Arab Rep.",EGP,6.870325,2013-EGP
252,2014,EGY,"Egypt, Arab Rep.",EGP,7.07760856060606,2014-EGP
253,2015,EGY,"Egypt, Arab Rep.",EGP,7.69125833333333,2015-EGP
254,2016,EGY,"Egypt, Arab Rep.",EGP,10.0254007885465,2016-EGP
255,2017,EGY,"Egypt, Arab Rep.",EGP,17.7825335150636,2017-EGP
256,2018,EGY,"Egypt, Arab Rep.",EGP,17.7672904218107,2018-EGP
257,2019,EGY,"Egypt, Arab Rep.",EGP,16.7705818428763,2019-EGP
258,2020,EGY,"Egypt, Arab Rep.",EGP,15.7591729166667,2020-EGP
259,2021,EGY,"Egypt, Arab Rep.",EGP,15.6445272777113,2021-EGP
260,2022,EGY,"Egypt, Arab Rep.",EGP,19.1604397412204,2022-EGP
261,2023,EGY,"Egypt, Arab Rep.",EGP,30.6264136980311,2023-EGP
262,2024,EGY,"Egypt, Arab Rep.",EGP,45.29926,2024-EGP
263,2025,EGY,"Egypt, Arab Rep.",EGP,49.2277558333333,2025-EGP
264,1960,ETH,Ethiopia,ETB,2.48447000148447,1960-ETB
265,1961,ETH,Ethiopia,ETB,2.48447000148447,1961-ETB
266,1962,ETH,Ethiopia,ETB,2.48447000148447,1962-ETB
267,1963,ETH,Ethiopia,ETB,2.48447000127743,1963-ETB
268,1964,ETH,Ethiopia,ETB,2.5000000015,1964-ETB
269,1965,ETH,Ethiopia,ETB,2.5000000015,1965-ETB
270,1966,ETH,Ethiopia,ETB,2.5000000015,1966-ETB
271,1967,ETH,Ethiopia,ETB,2.5000000015,1967-ETB
272,1968,ETH,Ethiopia,ETB,2.5000000015,1968-ETB
273,1969,ETH,Ethiopia,ETB,2.5000000015,1969-ETB
274,1970,ETH,Ethiopia,ETB,2.5000000015,1970-ETB
275,1971,ETH,Ethiopia,ETB,2.49347500129167,1971-ETB
276,1972,ETH,Ethiopia,ETB,2.299999999,1972-ETB
277,1973,ETH,Ethiopia,ETB,2.098749999,1973-ETB
278,1974,ETH,Ethiopia,ETB,2.069999999,1974-ETB
279,1975,ETH,Ethiopia,ETB,2.069999999,1975-ETB
280,1976,ETH,Ethiopia,ETB,2.069999999,1976-ETB
281,1977,ETH,Ethiopia,ETB,2.069999999,1977-ETB
282,1978,ETH,Ethiopia,ETB,2.069999999,1978-ETB
283,1979,ETH,Ethiopia,ETB,2.069999999,1979-ETB
284,1980,ETH,Ethiopia,ETB,2.069999999,1980-ETB
285,1981,ETH,Ethiopia,ETB,2.069999999,1981-ETB
286,1982,ETH,Ethiopia,ETB,2.069999999,1982-ETB
287,1983,ETH,Ethiopia,ETB,2.069999999,1983-ETB
288,1984,ETH,Ethiopia,ETB,2.06999999958333,1984-ETB
289,1985,ETH,Ethiopia,ETB,2.07,1985-ETB
290,1986,ETH,Ethiopia,ETB,2.07,1986-ETB
291,1987,ETH,Ethiopia,ETB,2.07,1987-ETB
292,1988,ETH,Ethiopia,ETB,2.07,1988-ETB
293,1989,ETH,Ethiopia,ETB,2.07,1989-ETB
294,1990,ETH,Ethiopia,ETB,2.07,1990-ETB
295,1991,ETH,Ethiopia,ETB,2.07,1991-ETB
296,1992,ETH,Ethiopia,ETB,2.8025,1992-ETB
297,1993,ETH,Ethiopia,ETB,5.0,1993-ETB
298,1994,ETH,Ethiopia,ETB,5.465,1994-ETB
299,1995,ETH,Ethiopia,ETB,6.15833333333333,1995-ETB
300,1996,ETH,Ethiopia,ETB,6.351675,1996-ETB
301,1997,ETH,Ethiopia,ETB,6.70934166666667,1997-ETB
302,1998,ETH,Ethiopia,ETB,7.11590833333334,1998-ETB
303,1999,ETH,Ethiopia,ETB,7.94225,1999-ETB
304,2000,ETH,Ethiopia,ETB,8.21725833333333,2000-ETB
305,2001,ETH,Ethiopia,ETB,8.45749166666667,2001-ETB
306,2002,ETH,Ethiopia,ETB,8.56775,2002-ETB
307,2003,ETH,Ethiopia,ETB,8.59968333333333,2003-ETB
308,2004,ETH,Ethiopia,ETB,8.63558333333333,2004-ETB
309,2005,ETH,Ethiopia,ETB,8.66644166666667,2005-ETB
310,2006,ETH,Ethiopia,ETB,8.69861583333333,2006-ETB
311,2007,ETH,Ethiopia,ETB,8.96595,2007-ETB
312,2008,ETH,Ethiopia,ETB,9.59974166666667,2008-ETB
313,2009,ETH,Ethiopia,ETB,11.7775996725,2009-ETB
314,2010,ETH,Ethiopia,ETB,14.4095898080066,2010-ETB
315,2011,ETH,Ethiopia,ETB,16.8992257595275,2011-ETB
316,2012,ETH,Ethiopia,ETB,17.7047613782674,2012-ETB
317,2013,ETH,Ethiopia,ETB,18.6266289575478,2013-ETB
318,2014,ETH,Ethiopia,ETB,19.585789907695,2014-ETB
319,2015,ETH,Ethiopia,ETB,20.57684875,2015-ETB
320,2016,ETH,Ethiopia,ETB,21.7315472222222,2016-ETB
321,2017,ETH,Ethiopia,ETB,23.8661044574125,2017-ETB
322,2018,ETH,Ethiopia,ETB,27.4293865941667,2018-ETB
323,2019,ETH,Ethiopia,ETB,29.06975,2019-ETB
324,2020,ETH,Ethiopia,ETB,34.9271654040404,2020-ETB
325,2021,ETH,Ethiopia,ETB,43.73377831884,2021-ETB
326,2022,ETH,Ethiopia,ETB,51.7562150334169,2022-ETB
327,2023,ETH,Ethiopia,ETB,54.6009480676569,2023-ETB
328,2024,ETH,Ethiopia,ETB,82.6013363504764,2024-ETB
329,2025,ETH,Ethiopia,ETB,,2025-ETB
330,1960,GHA,Ghana,GHS,7.13915966742473e-05,1960-GHS
331,1961,GHA,Ghana,GHS,7.13915966742473e-05,1961-GHS
332,1962,GHA,Ghana,GHS,7.13915966742473e-05,1962-GHS
333,1963,GHA,Ghana,GHS,7.13915966742473e-05,1963-GHS
334,1964,GHA,Ghana,GHS,7.13915966742473e-05,1964-GHS
335,1965,GHA,Ghana,GHS,7.13915966742473e-05,1965-GHS
336,1966,GHA,Ghana,GHS,7.13915966742473e-05,1966-GHS
337,1967,GHA,Ghana,GHS,8.60811947925269e-05,1967-GHS
338,1968,GHA,Ghana,GHS,0.000101985139685,1968-GHS
339,1969,GHA,Ghana,GHS,0.000101985139685,1969-GHS
340,1970,GHA,Ghana,GHS,0.000101985139685,1970-GHS
341,1971,GHA,Ghana,GHS,0.00010342936280328,1971-GHS
342,1972,GHA,Ghana,GHS,0.000133267478842706,1972-GHS
343,1973,GHA,Ghana,GHS,0.000116437365491452,1973-GHS
344,1974,GHA,Ghana,GHS,0.000114938171943065,1974-GHS
345,1975,GHA,Ghana,GHS,0.000114938171943065,1975-GHS
346,1976,GHA,Ghana,GHS,0.000114938171943065,1976-GHS
347,1977,GHA,Ghana,GHS,0.000114938171943065,1977-GHS
348,1978,GHA,Ghana,GHS,0.000176263183812666,1978-GHS
349,1979,GHA,Ghana,GHS,0.000274852150537634,1979-GHS
350,1980,GHA,Ghana,GHS,0.000274852150537634,1980-GHS
351,1981,GHA,Ghana,GHS,0.000274852150537634,1981-GHS
352,1982,GHA,Ghana,GHS,0.000274852150537634,1982-GHS
353,1983,GHA,Ghana,GHS,0.000882522770144633,1983-GHS
354,1984,GHA,Ghana,GHS,0.00359668442513757,1984-GHS
355,1985,GHA,Ghana,GHS,0.00543357715053764,1985-GHS
356,1986,GHA,Ghana,GHS,0.0089156207437276,1986-GHS
357,1987,GHA,Ghana,GHS,0.0153650681003584,1987-GHS
358,1988,GHA,Ghana,GHS,0.0202237045250896,1988-GHS
359,1989,GHA,Ghana,GHS,0.0269854838709678,1989-GHS
360,1990,GHA,Ghana,GHS,0.032615621953405,1990-GHS
361,1991,GHA,Ghana,GHS,0.0367633074820789,1991-GHS
362,1992,GHA,Ghana,GHS,0.0436851673835125,1992-GHS
363,1993,GHA,Ghana,GHS,0.0648711875896057,1993-GHS
364,1994,GHA,Ghana,GHS,0.0955682388545159,1994-GHS
365,1995,GHA,Ghana,GHS,0.119913872960145,1995-GHS
366,1996,GHA,Ghana,GHS,0.163547167575201,1996-GHS
367,1997,GHA,Ghana,GHS,0.204796277898216,1997-GHS
368,1998,GHA,Ghana,GHS,0.231165900582341,1998-GHS
369,1999,GHA,Ghana,GHS,0.266642972407191,1999-GHS
370,2000,GHA,Ghana,GHS,0.544919175868766,2000-GHS
371,2001,GHA,Ghana,GHS,0.716305157808996,2001-GHS
372,2002,GHA,Ghana,GHS,0.792417084313167,2002-GHS
373,2003,GHA,Ghana,GHS,0.866764326525345,2003-GHS
374,2004,GHA,Ghana,GHS,0.899494854007063,2004-GHS
375,2005,GHA,Ghana,GHS,0.905209485833333,2005-GHS
376,2006,GHA,Ghana,GHS,0.915106799166667,2006-GHS
377,2007,GHA,Ghana,GHS,0.932619195,2007-GHS
378,2008,GHA,Ghana,GHS,1.052275,2008-GHS
379,2009,GHA,Ghana,GHS,1.40496666666667,2009-GHS
380,2010,GHA,Ghana,GHS,1.42998333333333,2010-GHS
381,2011,GHA,Ghana,GHS,1.520625,2011-GHS
382,2012,GHA,Ghana,GHS,1.82486666666667,2012-GHS
383,2013,GHA,Ghana,GHS,1.98135,2013-GHS
384,2014,GHA,Ghana,GHS,2.896575,2014-GHS
385,2015,GHA,Ghana,GHS,3.71464166666667,2015-GHS
386,2016,GHA,Ghana,GHS,3.90981666666667,2016-GHS
387,2017,GHA,Ghana,GHS,4.35053333333333,2017-GHS
388,2018,GHA,Ghana,GHS,4.585325,2018-GHS
389,2019,GHA,Ghana,GHS,5.21736666666667,2019-GHS
390,2020,GHA,Ghana,GHS,5.59570833333333,2020-GHS
391,2021,GHA,Ghana,GHS,5.8057,2021-GHS
392,2022,GHA,Ghana,GHS,8.2724,2022-GHS
393,2023,GHA,Ghana,GHS,11.0204083333333,2023-GHS
394,2024,GHA,Ghana,GHS,14.1819416666667,2024-GHS
395,2025,GHA,Ghana,GHS,12.556825,2025-GHS
396,1960,KEN,Kenya,KES,7.14286000614286,1960-KES
397,1961,KEN,Kenya,KES,7.14286000614286,1961-KES
398,1962,KEN,Kenya,KES,7.14286000614286,1962-KES
399,1963,KEN,Kenya,KES,7.14286000614286,1963-KES
400,1964,KEN,Kenya,KES,7.14286000614286,1964-KES
401,1965,KEN,Kenya,KES,7.14286000614286,1965-KES
402,1966,KEN,Kenya,KES,7.14286000614286,1966-KES
403,1967,KEN,Kenya,KES,7.14286000614286,1967-KES
404,1968,KEN,Kenya,KES,7.14286000614286,1968-KES
405,1969,KEN,Kenya,KES,7.14286000614286,1969-KES
406,1970,KEN,Kenya,KES,7.14286000614286,1970-KES
407,1971,KEN,Kenya,KES,7.1428599977626,1971-KES
408,1972,KEN,Kenya,KES,7.142859999,1972-KES
409,1973,KEN,Kenya,KES,7.00119166566667,1973-KES
410,1974,KEN,Kenya,KES,7.142859999,1974-KES
411,1975,KEN,Kenya,KES,7.34319333233333,1975-KES
412,1976,KEN,Kenya,KES,8.36714499916667,1976-KES
413,1977,KEN,Kenya,KES,8.27656083241667,1977-KES
414,1978,KEN,Kenya,KES,7.72938333233334,1978-KES
415,1979,KEN,Kenya,KES,7.47530916566667,1979-KES
416,1980,KEN,Kenya,KES,7.420187499,1980-KES
417,1981,KEN,Kenya,KES,9.04749833258333,1981-KES
418,1982,KEN,Kenya,KES,10.9223249994167,1982-KES
419,1983,KEN,Kenya,KES,13.3115166659167,1983-KES
420,1984,KEN,Kenya,KES,14.4138749994167,1984-KES
421,1985,KEN,Kenya,KES,16.4321166665,1985-KES
422,1986,KEN,Kenya,KES,16.2257416665,1986-KES
423,1987,KEN,Kenya,KES,16.4544916666667,1987-KES
424,1988,KEN,Kenya,KES,17.7471,1988-KES
425,1989,KEN,Kenya,KES,20.5724666666667,1989-KES
426,1990,KEN,Kenya,KES,22.9147666666667,1990-KES
427,1991,KEN,Kenya,KES,27.5078666666667,1991-KES
428,1992,KEN,Kenya,KES,32.2168333333333,1992-KES
429,1993,KEN,Kenya,KES,58.0013333333333,1993-KES
430,1994,KEN,Kenya,KES,56.050575,1994-KES
431,1995,KEN,Kenya,KES,51.4298333333333,1995-KES
432,1996,KEN,Kenya,KES,57.1148666666667,1996-KES
433,1997,KEN,Kenya,KES,58.7318416666667,1997-KES
434,1998,KEN,Kenya,KES,60.3667,1998-KES
435,1999,KEN,Kenya,KES,70.3262166666667,1999-KES
436,2000,KEN,Kenya,KES,76.1755416666667,2000-KES
437,2001,KEN,Kenya,KES,78.563195,2001-KES
438,2002,KEN,Kenya,KES,78.7491416666667,2002-KES
439,2003,KEN,Kenya,KES,75.9355694444445,2003-KES
440,2004,KEN,Kenya,KES,79.1738760642135,2004-KES
441,2005,KEN,Kenya,KES,75.5541094514311,2005-KES
442,2006,KEN,Kenya,KES,72.1008350178622,2006-KES
443,2007,KEN,Kenya,KES,67.3176381242857,2007-KES
444,2008,KEN,Kenya,KES,69.175319816226,2008-KES
445,2009,KEN,Kenya,KES,77.352012297579,2009-KES
446,2010,KEN,Kenya,KES,79.2331517045454,2010-KES
447,2011,KEN,Kenya,KES,88.8107699710456,2011-KES
448,2012,KEN,Kenya,KES,84.5296017573529,2012-KES
449,2013,KEN,Kenya,KES,86.1228788982654,2013-KES
450,2014,KEN,Kenya,KES,87.9221638089727,2014-KES
451,2015,KEN,Kenya,KES,98.1784533265271,2015-KES
452,2016,KEN,Kenya,KES,101.504369498594,2016-KES
453,2017,KEN,Kenya,KES,103.410004519014,2017-KES
454,2018,KEN,Kenya,KES,101.301574049018,2018-KES
455,2019,KEN,Kenya,KES,101.99129838935,2019-KES
456,2020,KEN,Kenya,KES,106.450780158517,2020-KES
457,2021,KEN,Kenya,KES,109.637746592367,2021-KES
458,2022,KEN,Kenya,KES,117.865989201682,2022-KES
459,2023,KEN,Kenya,KES,139.846383759617,2023-KES
460,2024,KEN,Kenya,KES,134.822483279332,2024-KES
461,2025,KEN,Kenya,KES,129.302572099377,2025-KES
462,1960,NGA,Nigeria,NGN,0.714285999714286,1960-NGN
463,1961,NGA,Nigeria,NGN,0.714285999714286,1961-NGN
464,1962,NGA,Nigeria,NGN,0.714285999714286,1962-NGN
465,1963,NGA,Nigeria,NGN,0.714285999714286,1963-NGN
466,1964,NGA,Nigeria,NGN,0.714285999714286,1964-NGN
467,1965,NGA,Nigeria,NGN,0.714285999714286,1965-NGN
468,1966,NGA,Nigeria,NGN,0.714285999714286,1966-NGN
469,1967,NGA,Nigeria,NGN,0.714285999714286,1967-NGN
470,1968,NGA,Nigeria,NGN,0.714285999714286,1968-NGN
471,1969,NGA,Nigeria,NGN,0.714285999714286,1969-NGN
472,1970,NGA,Nigeria,NGN,0.714285999714286,1970-NGN
473,1971,NGA,Nigeria,NGN,0.712855832988096,1971-NGN
474,1972,NGA,Nigeria,NGN,0.657894999,1972-NGN
475,1973,NGA,Nigeria,NGN,0.657894999,1973-NGN
476,1974,NGA,Nigeria,NGN,0.630282046248239,1974-NGN
477,1975,NGA,Nigeria,NGN,0.615501553350787,1975-NGN
478,1976,NGA,Nigeria,NGN,0.626601003665369,1976-NGN
479,1977,NGA,Nigeria,NGN,0.644701062141186,1977-NGN
480,1978,NGA,Nigeria,NGN,0.635271994265801,1978-NGN
481,1979,NGA,Nigeria,NGN,0.604007374017144,1979-NGN
482,1980,NGA,Nigeria,NGN,0.546780891916083,1980-NGN
483,1981,NGA,Nigeria,NGN,0.617708175028805,1981-NGN
484,1982,NGA,Nigeria,NGN,0.673461261528524,1982-NGN
485,1983,NGA,Nigeria,NGN,0.724409851151574,1983-NGN
486,1984,NGA,Nigeria,NGN,0.766527449112392,1984-NGN
487,1985,NGA,Nigeria,NGN,0.893774083333333,1985-NGN
488,1986,NGA,Nigeria,NGN,1.75452300407481,1986-NGN
489,1987,NGA,Nigeria,NGN,4.0160373443363,1987-NGN
490,1988,NGA,Nigeria,NGN,4.53696666666667,1988-NGN
491,1989,NGA,Nigeria,NGN,7.364735,1989-NGN
492,1990,NGA,Nigeria,NGN,8.038285,1990-NGN
493,1991,NGA,Nigeria,NGN,9.90949166666666,1991-NGN
494,1992,NGA,Nigeria,NGN,17.298425,1992-NGN
495,1993,NGA,Nigeria,NGN,22.0654,1993-NGN
496,1994,NGA,Nigeria,NGN,21.996,1994-NGN
497,1995,NGA,Nigeria,NGN,21.8952583333333,1995-NGN
498,1996,NGA,Nigeria,NGN,21.884425,1996-NGN
499,1997,NGA,Nigeria,NGN,21.88605,1997-NGN
500,1998,NGA,Nigeria,NGN,21.886,1998-NGN
501,1999,NGA,Nigeria,NGN,92.3381,1999-NGN
502,2000,NGA,Nigeria,NGN,101.697333333333,2000-NGN
503,2001,NGA,Nigeria,NGN,111.23125,2001-NGN
504,2002,NGA,Nigeria,NGN,120.578158333333,2002-NGN
505,2003,NGA,Nigeria,NGN,129.22235,2003-NGN
506,2004,NGA,Nigeria,NGN,132.888025,2004-NGN
507,2005,NGA,Nigeria,NGN,131.274333333333,2005-NGN
508,2006,NGA,Nigeria,NGN,128.651666666667,2006-NGN
509,2007,NGA,Nigeria,NGN,125.808108333333,2007-NGN
510,2008,NGA,Nigeria,NGN,118.566666666667,2008-NGN
511,2009,NGA,Nigeria,NGN,148.88,2009-NGN
512,2010,NGA,Nigeria,NGN,150.2975,2010-NGN
513,2011,NGA,Nigeria,NGN,153.8625,2011-NGN
514,2012,NGA,Nigeria,NGN,157.5,2012-NGN
515,2013,NGA,Nigeria,NGN,157.311666666667,2013-NGN
516,2014,NGA,Nigeria,NGN,158.552641666667,2014-NGN
517,2015,NGA,Nigeria,NGN,192.440333333333,2015-NGN
518,2016,NGA,Nigeria,NGN,253.492,2016-NGN
519,2017,NGA,Nigeria,NGN,305.790109160005,2017-NGN
520,2018,NGA,Nigeria,NGN,306.083688245234,2018-NGN
521,2019,NGA,Nigeria,NGN,306.920951495222,2019-NGN
522,2020,NGA,Nigeria,NGN,358.810797258297,2020-NGN
523,2021,NGA,Nigeria,NGN,401.152029220779,2021-NGN
524,2022,NGA,Nigeria,NGN,425.979158066857,2022-NGN
525,2023,NGA,Nigeria,NGN,645.194067883201,2023-NGN
526,2024,NGA,Nigeria,NGN,1478.96519740023,2024-NGN
527,2025,NGA,Nigeria,NGN,1518.38094813368,2025-NGN
528,1960,RWA,Rwanda,RWF,49.99999995,1960-RWF
529,1961,RWA,Rwanda,RWF,49.99999995,1961-RWF
530,1962,RWA,Rwanda,RWF,49.99999995,1962-RWF
531,1963,RWA,Rwanda,RWF,49.99999995,1963-RWF
532,1964,RWA,Rwanda,RWF,49.99999995,1964-RWF
533,1965,RWA,Rwanda,RWF,49.99999995,1965-RWF
534,1966,RWA,Rwanda,RWF,87.4999999125,1966-RWF
535,1967,RWA,Rwanda,RWF,99.9999999,1967-RWF
536,1968,RWA,Rwanda,RWF,99.9999999,1968-RWF
537,1969,RWA,Rwanda,RWF,99.9999999,1969-RWF
538,1970,RWA,Rwanda,RWF,99.9999999,1970-RWF
539,1971,RWA,Rwanda,RWF,99.7073332333333,1971-RWF
540,1972,RWA,Rwanda,RWF,92.1049999,1972-RWF
541,1973,RWA,Rwanda,RWF,83.9219999,1973-RWF
542,1974,RWA,Rwanda,RWF,92.3017565556667,1974-RWF
543,1975,RWA,Rwanda,RWF,92.2772665546667,1975-RWF
544,1976,RWA,Rwanda,RWF,97.0123465546667,1976-RWF
545,1977,RWA,Rwanda,RWF,95.9350932213333,1977-RWF
546,1978,RWA,Rwanda,RWF,89.4879065546667,1978-RWF
547,1979,RWA,Rwanda,RWF,86.6907065546667,1979-RWF
548,1980,RWA,Rwanda,RWF,86.063879888,1980-RWF
549,1981,RWA,Rwanda,RWF,87.1603050389567,1981-RWF
550,1982,RWA,Rwanda,RWF,93.0599674389567,1982-RWF
551,1983,RWA,Rwanda,RWF,96.09393524729,1983-RWF
552,1984,RWA,Rwanda,RWF,100.232891523645,1984-RWF
553,1985,RWA,Rwanda,RWF,101.244670649548,1985-RWF
554,1986,RWA,Rwanda,RWF,87.5909168166667,1986-RWF
555,1987,RWA,Rwanda,RWF,79.4606499916667,1987-RWF
556,1988,RWA,Rwanda,RWF,76.4477377333333,1988-RWF
557,1989,RWA,Rwanda,RWF,80.148978175,1989-RWF
558,1990,RWA,Rwanda,RWF,83.7040975583333,1990-RWF
559,1991,RWA,Rwanda,RWF,125.1642483,1991-RWF
560,1992,RWA,Rwanda,RWF,133.938583325,1992-RWF
561,1993,RWA,Rwanda,RWF,144.237020537225,1993-RWF
562,1994,RWA,Rwanda,RWF,140.703847467575,1994-RWF
563,1995,RWA,Rwanda,RWF,262.1822632586,1995-RWF
564,1996,RWA,Rwanda,RWF,306.82,1996-RWF
565,1997,RWA,Rwanda,RWF,301.529816666667,1997-RWF
566,1998,RWA,Rwanda,RWF,312.314091666667,1998-RWF
567,1999,RWA,Rwanda,RWF,333.941925,1999-RWF
568,2000,RWA,Rwanda,RWF,389.696216666666,2000-RWF
569,2001,RWA,Rwanda,RWF,442.991891666667,2001-RWF
570,2002,RWA,Rwanda,RWF,475.365241666667,2002-RWF
571,2003,RWA,Rwanda,RWF,537.65498475,2003-RWF
572,2004,RWA,Rwanda,RWF,577.448974583333,2004-RWF
573,2005,RWA,Rwanda,RWF,557.82264075,2005-RWF
574,2006,RWA,Rwanda,RWF,551.710333333334,2006-RWF
575,2007,RWA,Rwanda,RWF,546.955,2007-RWF
576,2008,RWA,Rwanda,RWF,546.848653166667,2008-RWF
577,2009,RWA,Rwanda,RWF,568.281326833334,2009-RWF
578,2010,RWA,Rwanda,RWF,583.130906583333,2010-RWF
579,2011,RWA,Rwanda,RWF,600.30651975,2011-RWF
580,2012,RWA,Rwanda,RWF,614.295142416667,2012-RWF
581,2013,RWA,Rwanda,RWF,646.6359745,2013-RWF
582,2014,RWA,Rwanda,RWF,682.4377953875,2014-RWF
583,2015,RWA,Rwanda,RWF,719.8595555,2015-RWF
584,2016,RWA,Rwanda,RWF,787.25152175,2016-RWF
585,2017,RWA,Rwanda,RWF,831.55433975,2017-RWF
586,2018,RWA,Rwanda,RWF,861.093412166667,2018-RWF
587,2019,RWA,Rwanda,RWF,899.350509,2019-RWF
588,2020,RWA,Rwanda,RWF,943.278048166667,2020-RWF
589,2021,RWA,Rwanda,RWF,988.624806551768,2021-RWF
590,2022,RWA,Rwanda,RWF,1030.30829974206,2022-RWF
591,2023,RWA,Rwanda,RWF,1160.09869425,2023-RWF
592,2024,RWA,Rwanda,RWF,1318.12835733333,2024-RWF
593,2025,RWA,Rwanda,RWF,1428.47827558333,2025-RWF
594,1960,TZA,Tanzania,TZS,7.14286000614286,1960-TZS
595,1961,TZA,Tanzania,TZS,7.14286000614286,1961-TZS
596,1962,TZA,Tanzania,TZS,7.14286000614286,1962-TZS
597,1963,TZA,Tanzania,TZS,7.14286000614286,1963-TZS
598,1964,TZA,Tanzania,TZS,7.14286000614286,1964-TZS
599,1965,TZA,Tanzania,TZS,7.14286000614286,1965-TZS
600,1966,TZA,Tanzania,TZS,7.14286000614286,1966-TZS
601,1967,TZA,Tanzania,TZS,7.14286000614286,1967-TZS
602,1968,TZA,Tanzania,TZS,7.14286000614286,1968-TZS
603,1969,TZA,Tanzania,TZS,7.14286000614286,1969-TZS
604,1970,TZA,Tanzania,TZS,7.14286000614286,1970-TZS
605,1971,TZA,Tanzania,TZS,7.14286000554762,1971-TZS
606,1972,TZA,Tanzania,TZS,7.142899999,1972-TZS
607,1973,TZA,Tanzania,TZS,7.02144666566667,1973-TZS
608,1974,TZA,Tanzania,TZS,7.13498333233333,1974-TZS
609,1975,TZA,Tanzania,TZS,7.36679166566667,1975-TZS
610,1976,TZA,Tanzania,TZS,8.37677499941667,1976-TZS
611,1977,TZA,Tanzania,TZS,8.2892083325,1977-TZS
612,1978,TZA,Tanzania,TZS,7.712049999,1978-TZS
613,1979,TZA,Tanzania,TZS,8.216624999,1979-TZS
614,1980,TZA,Tanzania,TZS,8.19659166583333,1980-TZS
615,1981,TZA,Tanzania,TZS,8.28350833258333,1981-TZS
616,1982,TZA,Tanzania,TZS,9.28259166583333,1982-TZS
617,1983,TZA,Tanzania,TZS,11.1427833323333,1983-TZS
618,1984,TZA,Tanzania,TZS,15.2922499995,1984-TZS
619,1985,TZA,Tanzania,TZS,17.4723333330833,1985-TZS
620,1986,TZA,Tanzania,TZS,32.6980166664167,1986-TZS
621,1987,TZA,Tanzania,TZS,64.26035,1987-TZS
622,1988,TZA,Tanzania,TZS,99.2921083333333,1988-TZS
623,1989,TZA,Tanzania,TZS,143.376916666667,1989-TZS
624,1990,TZA,Tanzania,TZS,195.055916666667,1990-TZS
625,1991,TZA,Tanzania,TZS,219.157416666667,1991-TZS
626,1992,TZA,Tanzania,TZS,297.708083333333,1992-TZS
627,1993,TZA,Tanzania,TZS,405.274016666667,1993-TZS
628,1994,TZA,Tanzania,TZS,509.630875,1994-TZS
629,1995,TZA,Tanzania,TZS,574.761741666666,1995-TZS
630,1996,TZA,Tanzania,TZS,579.976666666667,1996-TZS
631,1997,TZA,Tanzania,TZS,612.1225,1997-TZS
632,1998,TZA,Tanzania,TZS,664.671208333333,1998-TZS
633,1999,TZA,Tanzania,TZS,744.759075,1999-TZS
634,2000,TZA,Tanzania,TZS,800.408516666667,2000-TZS
635,2001,TZA,Tanzania,TZS,876.411666666667,2001-TZS
636,2002,TZA,Tanzania,TZS,966.582784259259,2002-TZS
637,2003,TZA,Tanzania,TZS,1038.41900659604,2003-TZS
638,2004,TZA,Tanzania,TZS,1089.33477148983,2004-TZS
639,2005,TZA,Tanzania,TZS,1128.93417916192,2005-TZS
640,2006,TZA,Tanzania,TZS,1251.89997292515,2006-TZS
641,2007,TZA,Tanzania,TZS,1245.03546404783,2007-TZS
642,2008,TZA,Tanzania,TZS,1196.31070921046,2008-TZS
643,2009,TZA,Tanzania,TZS,1320.31206074041,2009-TZS
644,2010,TZA,Tanzania,TZS,1395.625,2010-TZS
645,2011,TZA,Tanzania,TZS,1557.43333333333,2011-TZS
646,2012,TZA,Tanzania,TZS,1571.69833333333,2012-TZS
647,2013,TZA,Tanzania,TZS,1597.55583333333,2013-TZS
648,2014,TZA,Tanzania,TZS,1653.23083333333,2014-TZS
649,2015,TZA,Tanzania,TZS,1991.39083333333,2015-TZS
650,2016,TZA,Tanzania,TZS,2177.08666666667,2016-TZS
651,2017,TZA,Tanzania,TZS,2228.85666666667,2017-TZS
652,2018,TZA,Tanzania,TZS,2263.78166666667,2018-TZS
653,2019,TZA,Tanzania,TZS,2288.20666666667,2019-TZS
654,2020,TZA,Tanzania,TZS,2294.14615050509,2020-TZS
655,2021,TZA,Tanzania,TZS,2297.76422623792,2021-TZS
656,2022,TZA,Tanzania,TZS,2303.03367612332,2022-TZS
657,2023,TZA,Tanzania,TZS,2383.04258333333,2023-TZS
658,2024,TZA,Tanzania,TZS,2597.90041666667,2024-TZS
659,2025,TZA,Tanzania,TZS,,2025-TZS
660,1960,CIV,Cote d'Ivoire,XOF,245.195101398359,1960-XOF
661,1960,SEN,Senegal,XOF,245.195101398359,1960-XOF
662,1960,TGO,Togo,XOF,245.195101398359,1960-XOF
663,1961,CIV,Cote d'Ivoire,XOF,245.26010162116,1961-XOF
664,1961,SEN,Senegal,XOF,245.26010162116,1961-XOF
665,1961,TGO,Togo,XOF,245.26010162116,1961-XOF
666,1962,CIV,Cote d'Ivoire,XOF,245.013850686544,1962-XOF
667,1962,SEN,Senegal,XOF,245.013850686544,1962-XOF
668,1962,TGO,Togo,XOF,245.013850686544,1962-XOF
669,1963,CIV,Cote d'Ivoire,XOF,245.016350696075,1963-XOF
670,1963,SEN,Senegal,XOF,245.016350696075,1963-XOF
671,1963,TGO,Togo,XOF,245.016350696075,1963-XOF
672,1964,CIV,Cote d'Ivoire,XOF,245.027184079042,1964-XOF
673,1964,SEN,Senegal,XOF,245.027184079042,1964-XOF
674,1964,TGO,Togo,XOF,245.027184079042,1964-XOF
675,1965,CIV,Cote d'Ivoire,XOF,245.060934207708,1965-XOF
676,1965,SEN,Senegal,XOF,245.060934207708,1965-XOF
677,1965,TGO,Togo,XOF,245.060934207708,1965-XOF
678,1966,CIV,Cote d'Ivoire,XOF,245.678436557644,1966-XOF
679,1966,SEN,Senegal,XOF,245.678436557644,1966-XOF
680,1966,TGO,Togo,XOF,245.678436557644,1966-XOF
681,1967,CIV,Cote d'Ivoire,XOF,246.000937791281,1967-XOF
682,1967,SEN,Senegal,XOF,246.000937791281,1967-XOF
683,1967,TGO,Togo,XOF,246.000937791281,1967-XOF
684,1968,CIV,Cote d'Ivoire,XOF,247.564693756951,1968-XOF
685,1968,SEN,Senegal,XOF,247.564693756951,1968-XOF
686,1968,TGO,Togo,XOF,247.564693756951,1968-XOF
687,1969,CIV,Cote d'Ivoire,XOF,259.960574351236,1969-XOF
688,1969,SEN,Senegal,XOF,259.960574351236,1969-XOF
689,1969,TGO,Togo,XOF,259.960574351236,1969-XOF
690,1970,CIV,Cote d'Ivoire,XOF,276.403137026845,1970-XOF
691,1970,SEN,Senegal,XOF,276.403137026845,1970-XOF
692,1970,TGO,Togo,XOF,276.403137026845,1970-XOF
693,1971,CIV,Cote d'Ivoire,XOF,275.356456685332,1971-XOF
694,1971,SEN,Senegal,XOF,275.356456685332,1971-XOF
695,1971,TGO,Togo,XOF,275.356456685332,1971-XOF
696,1972,CIV,Cote d'Ivoire,XOF,252.027627462649,1972-XOF
697,1972,SEN,Senegal,XOF,252.027627462649,1972-XOF
698,1972,TGO,Togo,XOF,252.027627462649,1972-XOF
699,1973,CIV,Cote d'Ivoire,XOF,222.889183053227,1973-XOF
700,1973,SEN,Senegal,XOF,222.889183053227,1973-XOF
701,1973,TGO,Togo,XOF,222.889183053227,1973-XOF
702,1974,CIV,Cote d'Ivoire,XOF,240.704667637823,1974-XOF
703,1974,SEN,Senegal,XOF,240.704667637823,1974-XOF
704,1974,TGO,Togo,XOF,240.704667637823,1974-XOF
705,1975,CIV,Cote d'Ivoire,XOF,214.312900341219,1975-XOF
706,1975,SEN,Senegal,XOF,214.312900341219,1975-XOF
707,1975,TGO,Togo,XOF,214.312900341219,1975-XOF
708,1976,CIV,Cote d'Ivoire,XOF,238.950494267059,1976-XOF
709,1976,SEN,Senegal,XOF,238.950494267059,1976-XOF
710,1976,TGO,Togo,XOF,238.950494267059,1976-XOF
711,1977,CIV,Cote d'Ivoire,XOF,245.679686566576,1977-XOF
712,1977,SEN,Senegal,XOF,245.679686566576,1977-XOF
713,1977,TGO,Togo,XOF,245.679686566576,1977-XOF
714,1978,CIV,Cote d'Ivoire,XOF,225.655860233957,1978-XOF
715,1978,SEN,Senegal,XOF,225.655860233957,1978-XOF
716,1978,TGO,Togo,XOF,225.655860233957,1978-XOF
717,1979,CIV,Cote d'Ivoire,XOF,212.721644262377,1979-XOF
718,1979,SEN,Senegal,XOF,212.721644262377,1979-XOF
719,1979,TGO,Togo,XOF,212.721644262377,1979-XOF
720,1980,CIV,Cote d'Ivoire,XOF,211.279555414705,1980-XOF
721,1980,SEN,Senegal,XOF,211.279555414705,1980-XOF
722,1980,TGO,Togo,XOF,211.279555414705,1980-XOF
723,1981,CIV,Cote d'Ivoire,XOF,271.731452550327,1981-XOF
724,1981,SEN,Senegal,XOF,271.731452550327,1981-XOF
725,1981,TGO,Togo,XOF,271.731452550327,1981-XOF
726,1982,CIV,Cote d'Ivoire,XOF,328.60625269899,1982-XOF
727,1982,SEN,Senegal,XOF,328.60625269899,1982-XOF
728,1982,TGO,Togo,XOF,328.60625269899,1982-XOF
729,1983,CIV,Cote d'Ivoire,XOF,381.066036024628,1983-XOF
730,1983,SEN,Senegal,XOF,381.066036024628,1983-XOF
731,1983,TGO,Togo,XOF,381.066036024628,1983-XOF
732,1984,CIV,Cote d'Ivoire,XOF,436.956665788008,1984-XOF
733,1984,SEN,Senegal,XOF,436.956665788008,1984-XOF
734,1984,TGO,Togo,XOF,436.956665788008,1984-XOF
735,1985,CIV,Cote d'Ivoire,XOF,449.262962711607,1985-XOF
736,1985,SEN,Senegal,XOF,449.262962711607,1985-XOF
737,1985,TGO,Togo,XOF,449.262962711607,1985-XOF
738,1986,CIV,Cote d'Ivoire,XOF,346.305903554493,1986-XOF
739,1986,SEN,Senegal,XOF,346.305903554493,1986-XOF
740,1986,TGO,Togo,XOF,346.305903554493,1986-XOF
741,1987,CIV,Cote d'Ivoire,XOF,300.536562401478,1987-XOF
742,1987,SEN,Senegal,XOF,300.536562401478,1987-XOF
743,1987,TGO,Togo,XOF,300.536562401478,1987-XOF
744,1988,CIV,Cote d'Ivoire,XOF,297.848218819378,1988-XOF
745,1988,SEN,Senegal,XOF,297.848218819378,1988-XOF
746,1988,TGO,Togo,XOF,297.848218819378,1988-XOF
747,1989,CIV,Cote d'Ivoire,XOF,319.008299487903,1989-XOF
748,1989,SEN,Senegal,XOF,319.008299487903,1989-XOF
749,1989,TGO,Togo,XOF,319.008299487903,1989-XOF
750,1990,CIV,Cote d'Ivoire,XOF,272.264787954393,1990-XOF
751,1990,SEN,Senegal,XOF,272.264787954393,1990-XOF
752,1990,TGO,Togo,XOF,272.264787954393,1990-XOF
753,1991,CIV,Cote d'Ivoire,XOF,282.10690880882,1991-XOF
754,1991,SEN,Senegal,XOF,282.10690880882,1991-XOF
755,1991,TGO,Togo,XOF,282.10690880882,1991-XOF
756,1992,CIV,Cote d'Ivoire,XOF,264.691800750579,1992-XOF
757,1992,SEN,Senegal,XOF,264.691800750579,1992-XOF
758,1992,TGO,Togo,XOF,264.691800750579,1992-XOF
759,1993,CIV,Cote d'Ivoire,XOF,283.162579500018,1993-XOF
760,1993,SEN,Senegal,XOF,283.162579500018,1993-XOF
761,1993,TGO,Togo,XOF,283.162579500018,1993-XOF
762,1994,CIV,Cote d'Ivoire,XOF,555.204695655697,1994-XOF
763,1994,SEN,Senegal,XOF,555.204695655697,1994-XOF
764,1994,TGO,Togo,XOF,555.204695655697,1994-XOF
765,1995,CIV,Cote d'Ivoire,XOF,499.14842590131,1995-XOF
766,1995,SEN,Senegal,XOF,499.14842590131,1995-XOF
767,1995,TGO,Togo,XOF,499.14842590131,1995-XOF
768,1996,CIV,Cote d'Ivoire,XOF,511.552430272516,1996-XOF
769,1996,SEN,Senegal,XOF,511.552430272516,1996-XOF
770,1996,TGO,Togo,XOF,511.552430272516,1996-XOF
771,1997,CIV,Cote d'Ivoire,XOF,583.669372353396,1997-XOF
772,1997,SEN,Senegal,XOF,583.669372353396,1997-XOF
773,1997,TGO,Togo,XOF,583.669372353396,1997-XOF
774,1998,CIV,Cote d'Ivoire,XOF,589.951774567332,1998-XOF
775,1998,SEN,Senegal,XOF,589.951774567332,1998-XOF
776,1998,TGO,Togo,XOF,589.951774567332,1998-XOF
777,1999,CIV,Cote d'Ivoire,XOF,615.473349319164,1999-XOF
778,1999,SEN,Senegal,XOF,615.473349319164,1999-XOF
779,1999,TGO,Togo,XOF,615.473349319164,1999-XOF
780,2000,CIV,Cote d'Ivoire,XOF,710.207977031367,2000-XOF
781,2000,SEN,Senegal,XOF,710.207977031367,2000-XOF
782,2000,TGO,Togo,XOF,710.207977031367,2000-XOF
783,2001,CIV,Cote d'Ivoire,XOF,732.397693260228,2001-XOF
784,2001,SEN,Senegal,XOF,732.397693260228,2001-XOF
785,2001,TGO,Togo,XOF,732.397693260228,2001-XOF
786,2002,CIV,Cote d'Ivoire,XOF,693.713226496374,2002-XOF
787,2002,SEN,Senegal,XOF,693.713226496374,2002-XOF
788,2002,TGO,Togo,XOF,693.713226496374,2002-XOF
789,2003,CIV,Cote d'Ivoire,XOF,579.897426172466,2003-XOF
790,2003,SEN,Senegal,XOF,579.897426172466,2003-XOF
791,2003,TGO,Togo,XOF,579.897426172466,2003-XOF
792,2004,CIV,Cote d'Ivoire,XOF,527.338032291576,2004-XOF
793,2004,SEN,Senegal,XOF,527.338032291576,2004-XOF
794,2004,TGO,Togo,XOF,527.338032291576,2004-XOF
795,2005,CIV,Cote d'Ivoire,XOF,527.258362649626,2005-XOF
796,2005,SEN,Senegal,XOF,527.258362649626,2005-XOF
797,2005,TGO,Togo,XOF,527.258362649626,2005-XOF
798,2006,CIV,Cote d'Ivoire,XOF,522.425624895176,2006-XOF
799,2006,SEN,Senegal,XOF,522.425624895176,2006-XOF
800,2006,TGO,Togo,XOF,522.425624895176,2006-XOF
801,2007,CIV,Cote d'Ivoire,XOF,478.633718476363,2007-XOF
802,2007,SEN,Senegal,XOF,478.633718476363,2007-XOF
803,2007,TGO,Togo,XOF,478.633718476363,2007-XOF
804,2008,CIV,Cote d'Ivoire,XOF,446.000041432788,2008-XOF
805,2008,SEN,Senegal,XOF,446.000041432788,2008-XOF
806,2008,TGO,Togo,XOF,446.000041432788,2008-XOF
807,2009,CIV,Cote d'Ivoire,XOF,470.293423341398,2009-XOF
808,2009,SEN,Senegal,XOF,470.293423341398,2009-XOF
809,2009,TGO,Togo,XOF,470.293423341398,2009-XOF
810,2010,CIV,Cote d'Ivoire,XOF,494.794262222947,2010-XOF
811,2010,SEN,Senegal,XOF,494.794262222947,2010-XOF
812,2010,TGO,Togo,XOF,494.794262222947,2010-XOF
813,2011,CIV,Cote d'Ivoire,XOF,471.248625718937,2011-XOF
814,2011,SEN,Senegal,XOF,471.248625718937,2011-XOF
815,2011,TGO,Togo,XOF,471.248625718937,2011-XOF
816,2012,CIV,Cote d'Ivoire,XOF,510.556338454251,2012-XOF
817,2012,SEN,Senegal,XOF,510.556338454251,2012-XOF
818,2012,TGO,Togo,XOF,510.556338454251,2012-XOF
819,2013,CIV,Cote d'Ivoire,XOF,493.899623852237,2013-XOF
820,2013,SEN,Senegal,XOF,493.899623852237,2013-XOF
821,2013,TGO,Togo,XOF,493.899623852237,2013-XOF
822,2014,CIV,Cote d'Ivoire,XOF,493.757329875312,2014-XOF
823,2014,SEN,Senegal,XOF,493.757329875312,2014-XOF
824,2014,TGO,Togo,XOF,493.757329875312,2014-XOF
825,2015,CIV,Cote d'Ivoire,XOF,591.21169798261,2015-XOF
826,2015,SEN,Senegal,XOF,591.21169798261,2015-XOF
827,2015,TGO,Togo,XOF,591.21169798261,2015-XOF
828,2016,CIV,Cote d'Ivoire,XOF,592.605615063022,2016-XOF
829,2016,SEN,Senegal,XOF,592.605615063022,2016-XOF
830,2016,TGO,Togo,XOF,592.605615063022,2016-XOF
831,2017,CIV,Cote d'Ivoire,XOF,580.656749587858,2017-XOF
832,2017,SEN,Senegal,XOF,580.656749587858,2017-XOF
833,2017,TGO,Togo,XOF,580.656749587858,2017-XOF
834,2018,CIV,Cote d'Ivoire,XOF,555.446458398226,2018-XOF
835,2018,SEN,Senegal,XOF,555.446458398226,2018-XOF
836,2018,TGO,Togo,XOF,555.446458398226,2018-XOF
837,2019,CIV,Cote d'Ivoire,XOF,585.911013180369,2019-XOF
838,2019,SEN,Senegal,XOF,585.911013180369,2019-XOF
839,2019,TGO,Togo,XOF,585.911013180369,2019-XOF
840,2020,CIV,Cote d'Ivoire,XOF,575.586004510945,2020-XOF
841,2020,SEN,Senegal,XOF,575.586004510945,2020-XOF
842,2020,TGO,Togo,XOF,575.586004510945,2020-XOF
843,2021,CIV,Cote d'Ivoire,XOF,554.530675033104,2021-XOF
844,2021,SEN,Senegal,XOF,554.530675033104,2021-XOF
845,2021,TGO,Togo,XOF,554.530675033104,2021-XOF
846,2022,CIV,Cote d'Ivoire,XOF,623.759700911182,2022-XOF
847,2022,SEN,Senegal,XOF,623.759700911182,2022-XOF
848,2022,TGO,Togo,XOF,623.759700911182,2022-XOF
849,2023,CIV,Cote d'Ivoire,XOF,606.569750165917,2023-XOF
850,2023,SEN,Senegal,XOF,606.569750165917,2023-XOF
851,2023,TGO,Togo,XOF,606.569750165917,2023-XOF
852,2024,CIV,Cote d'Ivoire,XOF,606.345297609063,2024-XOF
853,2024,SEN,Senegal,XOF,606.345297609063,2024-XOF
854,2024,TGO,Togo,XOF,606.345297609063,2024-XOF
855,2025,CIV,Cote d'Ivoire,XOF,581.92848104034,2025-XOF
856,2025,SEN,Senegal,XOF,581.92848104034,2025-XOF
857,2025,TGO,Togo,XOF,581.92848104034,2025-XOF
858,1960,ZAF,South Africa,ZAR,0.714285999714286,1960-ZAR
859,1961,ZAF,South Africa,ZAR,0.714285999714286,1961-ZAR
860,1962,ZAF,South Africa,ZAR,0.714285999714286,1962-ZAR
861,1963,ZAF,South Africa,ZAR,0.714285999714286,1963-ZAR
862,1964,ZAF,South Africa,ZAR,0.714285999714286,1964-ZAR
863,1965,ZAF,South Africa,ZAR,0.714285999714286,1965-ZAR
864,1966,ZAF,South Africa,ZAR,0.714285999714286,1966-ZAR
865,1967,ZAF,South Africa,ZAR,0.714285999714286,1967-ZAR
866,1968,ZAF,South Africa,ZAR,0.714285999714286,1968-ZAR
867,1969,ZAF,South Africa,ZAR,0.714285999714286,1969-ZAR
868,1970,ZAF,South Africa,ZAR,0.714285999714286,1970-ZAR
869,1971,ZAF,South Africa,ZAR,0.715216916321429,1971-ZAR
870,1972,ZAF,South Africa,ZAR,0.768725237196027,1972-ZAR
871,1973,ZAF,South Africa,ZAR,0.693959098021092,1973-ZAR
872,1974,ZAF,South Africa,ZAR,0.679477003570251,1974-ZAR
873,1975,ZAF,South Africa,ZAR,0.739507755296336,1975-ZAR
874,1976,ZAF,South Africa,ZAR,0.869565218147448,1976-ZAR
875,1977,ZAF,South Africa,ZAR,0.869565218147448,1977-ZAR
876,1978,ZAF,South Africa,ZAR,0.869565218147448,1978-ZAR
877,1979,ZAF,South Africa,ZAR,0.842022601934943,1979-ZAR
878,1980,ZAF,South Africa,ZAR,0.778833737276042,1980-ZAR
879,1981,ZAF,South Africa,ZAR,0.877578942758154,1981-ZAR
880,1982,ZAF,South Africa,ZAR,1.08581583308333,1982-ZAR
881,1983,ZAF,South Africa,ZAR,1.11409999975,1983-ZAR
882,1984,ZAF,South Africa,ZAR,1.47527749975,1984-ZAR
883,1985,ZAF,South Africa,ZAR,2.22867499941667,1985-ZAR
884,1986,ZAF,South Africa,ZAR,2.28503166641667,1986-ZAR
885,1987,ZAF,South Africa,ZAR,2.03603333333333,1987-ZAR
886,1988,ZAF,South Africa,ZAR,2.2734675,1988-ZAR
887,1989,ZAF,South Africa,ZAR,2.6226775,1989-ZAR
888,1990,ZAF,South Africa,ZAR,2.58732083333333,1990-ZAR
889,1991,ZAF,South Africa,ZAR,2.761315,1991-ZAR
890,1992,ZAF,South Africa,ZAR,2.85201416666667,1992-ZAR
891,1993,ZAF,South Africa,ZAR,3.26774158333333,1993-ZAR
892,1994,ZAF,South Africa,ZAR,3.55079833333334,1994-ZAR
893,1995,ZAF,South Africa,ZAR,3.627085,1995-ZAR
894,1996,ZAF,South Africa,ZAR,4.29934916666667,1996-ZAR
895,1997,ZAF,South Africa,ZAR,4.60796166666667,1997-ZAR
896,1998,ZAF,South Africa,ZAR,5.52828416666667,1998-ZAR
897,1999,ZAF,South Africa,ZAR,6.10948416666667,1999-ZAR
898,2000,ZAF,South Africa,ZAR,6.93982833333333,2000-ZAR
899,2001,ZAF,South Africa,ZAR,8.60918083333334,2001-ZAR
900,2002,ZAF,South Africa,ZAR,10.5407466666667,2002-ZAR
901,2003,ZAF,South Africa,ZAR,7.56474916666667,2003-ZAR
902,2004,ZAF,South Africa,ZAR,6.4596925,2004-ZAR
903,2005,ZAF,South Africa,ZAR,6.35932833333333,2005-ZAR
904,2006,ZAF,South Africa,ZAR,6.77154916666667,2006-ZAR
905,2007,ZAF,South Africa,ZAR,7.045365,2007-ZAR
906,2008,ZAF,South Africa,ZAR,8.26122333333333,2008-ZAR
907,2009,ZAF,South Africa,ZAR,8.47367415824888,2009-ZAR
908,2010,ZAF,South Africa,ZAR,7.32122196115288,2010-ZAR
909,2011,ZAF,South Africa,ZAR,7.26113213232735,2011-ZAR
910,2012,ZAF,South Africa,ZAR,8.20996862659332,2012-ZAR
911,2013,ZAF,South Africa,ZAR,9.65505606913526,2013-ZAR
912,2014,ZAF,South Africa,ZAR,10.8526555687831,2014-ZAR
913,2015,ZAF,South Africa,ZAR,12.7589308811644,2015-ZAR
914,2016,ZAF,South Africa,ZAR,14.7096108855267,2016-ZAR
915,2017,ZAF,South Africa,ZAR,13.3238014244992,2017-ZAR
916,2018,ZAF,South Africa,ZAR,13.2339264715833,2018-ZAR
917,2019,ZAF,South Africa,ZAR,14.4484270548333,2019-ZAR
918,2020,ZAF,South Africa,ZAR,16.4591053903333,2020-ZAR
919,2021,ZAF,South Africa,ZAR,14.7786782139167,2021-ZAR
920,2022,ZAF,South Africa,ZAR,16.3558534845,2022-ZAR
921,2023,ZAF,South Africa,ZAR,18.4502441785,2023-ZAR
922,2024,ZAF,South Africa,ZAR,18.3286575505,2024-ZAR
923,2025,ZAF,South Africa,ZAR,17.8887489855833,2025-ZAR
